{
  "successful": [
    [
      "001",
      "7T"
    ]
  ],
  "failed": [],
  "total_time": 16195.450371265411,
  "average_time": 16195.450371265411
}